p0,p1,p2,p3,p4,p5,p6,p7,p8,p9,c0,FLOPS,elapsed_sec,machine_identifier,mpi_ranks,threads_per_node,ranks_per_node,gpu_enabled,libE_id,libE_workers
double,64, ,-a2a,-p2p_pl, ,-r2c_dir 1,0.9167173647948308,0.7700613285474668,0.0709349535716004,cufft,0.0,0.0,,0,0.0,0,False,0,0
float,64,-no-reorder,-a2av,-p2p_pl, ,-r2c_dir 1,0.8532288311805624,0.7563673026138963,0.1524722169294662,cufft,0.0,0.0,,0,0.0,0,False,0,0
float,64,-reorder,-a2av,-p2p_pl,-pencils,-r2c_dir 1,0.8763320556692545,0.7704684716293118,0.1011365837207575,cufft,0.0,0.0,,0,0.0,0,False,0,0
double,64, ,-a2a, , ,-r2c_dir 1,0.9946842086469364,0.784301986558879,0.665644763546224,cufft,0.0,0.0,,0,0.0,0,False,0,0
float,64,-reorder, , , , ,0.9810329520419704,0.7347219174274044,0.3745566681624255,cufft,0.0,0.0,,0,0.0,0,False,0,0
float,64, , ,-p2p_pl,-pencils,-r2c_dir 2,0.7728443670411052,0.985086412147126,16.0,cufft,0.0,0.0,,0,,0,False,0,0
float,64,-reorder, ,-p2p_pl,-pencils,-r2c_dir 1,0.7649232260692057,0.9706436994791646,16.0,cufft,0.0,0.0,,0,,0,False,0,0
float,64,-no-reorder,-a2av,-p2p_pl,-pencils,-r2c_dir 2,0.7179603478119175,0.8894342613168015,12.0,cufft,0.0,0.0,,0,,0,False,0,0
