p0,p1,p2,p3,p4,p5,p6,p7,p8,p9,c0,FLOPS,elapsed_sec,machine_identifier,mpi_ranks,threads_per_node,ranks_per_node,gpu_enabled,libE_id,libE_workers
float,512, , ,-p2p_pl,-pencils, ,0.6975704493852443,0.1588733446544979,0.0909222648195229,fftw,0.0,0.0,,0,0.0,0,False,0,0
float,512,-reorder,-a2av,-p2p_pl, , ,0.8681252525563385,0.0939258280946675,0.1708639860307423,fftw,0.0,0.0,,0,0.0,0,False,0,0
float,512,-reorder,-a2a,-p2p_pl,-pencils, ,0.7120704139281187,0.0942873151691194,0.7695157203886587,fftw,0.0,0.0,,0,0.0,0,False,0,0
float,512, , ,-p2p_pl,-pencils,-r2c_dir 0,0.7138487366293867,0.1446811216950615,2.0,fftw,0.0,0.0,,0,,0,False,0,0
