p0,p1,p2,p3,p4,p5,p6,p7,p8,p9,c0,FLOPS,elapsed_sec,machine_identifier,mpi_ranks,threads_per_node,ranks_per_node,gpu_enabled,libE_id,libE_workers
float,256, ,-a2av, ,-pencils, ,0.9792467045264618,0.3983419550232138,0.1269374108518062,fftw,0.0,0.0,,0,0.0,0,False,0,0
float,256, ,-a2av, ,-pencils, ,0.9867826445550308,0.4336969392700779,0.4865699347594417,fftw,0.0,0.0,,0,0.0,0,False,0,0
float,256, , , , , ,0.9320482433096808,0.4099856636990227,0.1178903651052842,fftw,0.0,0.0,,0,0.0,0,False,0,0
float,256, ,-a2av, ,-pencils,-r2c_dir 0,0.9413012385035184,0.709896592270723,2.0,fftw,0.0,0.0,,0,,0,False,0,0
float,256,-reorder,-a2av, , ,-r2c_dir 0,0.9832447686566868,0.3895361833569293,4.0,fftw,0.0,0.0,,0,,0,False,0,0
