p0,p1,p2,p3,p4,p5,p6,p7,p8,p9,c0,FLOPS,elapsed_sec,machine_identifier,mpi_ranks,threads_per_node,ranks_per_node,gpu_enabled,libE_id,libE_workers
double,64, , ,-p2p_pl,-pencils,-r2c_dir 2,0.4378773610221667,0.8789727444704287,0.0127121951300697,cufft,0.0,0.0,,0,0.0,0,False,0,0
float,64,-reorder, ,-p2p_pl, ,-r2c_dir 2,0.3016617696205268,0.4894056520809362,0.0134663421071724,cufft,0.0,0.0,,0,0.0,0,False,0,0
float,64,-no-reorder, ,-p2p,-pencils,-r2c_dir 2,0.3197992811878258,0.5161212724250374,0.0043494509282251,cufft,0.0,0.0,,0,0.0,0,False,0,0
float,64,-no-reorder,-a2a, ,-pencils,-r2c_dir 2,0.3990031443634552,0.9896438668093608,0.0150987611705097,cufft,0.0,0.0,,0,0.0,0,False,0,0
float,64,-reorder, ,-p2p_pl,-slabs,-r2c_dir 0,0.5830747024225861,0.9153616506063732,12.0,cufft,0.0,0.0,,0,,0,False,0,0
float,64,-reorder,-a2a,-p2p_pl,-slabs,-r2c_dir 0,0.6913706473213043,0.7887352612058304,2.0,cufft,0.0,0.0,,0,,0,False,0,0
